Item,Target,CMD,Args,Timeout
UUT USB ON,Uart,UUT USB ON,,10
VBATT ON 4V,Uart,VBATT ON,,10
FORCE_DFU ON,Uart,FORCE_DFU ON,,10
AP_TO_STARK_RF_EN ON,Uart,AP_TO_STARK_RF_EN ON,,10
PARROT_RST OFF,Uart,PARROT_RST OFF,,10
DEBUG_TO_PMU_LINK_ACTIVE ON,Uart,DEBUG_TO_PMU_LINK_ACTIVE ON,,10
BUTTON_TO_PMU_BTN_L ON,Uart,BUTTON_TO_PMU_BTN_L ON,,10
delay 2s,Delay,delay,2,10
BUTTON_TO_PMU_BTN_L OFF,Uart,BUTTON_TO_PMU_BTN_L OFF,,10
GET DFU STATUS_1,Uart,GET DFU STATUS_1,,10
delay 10s,Delay,delay,10,10
GET BATT VOLTAGE,Uart,GET BATT VOLTAGE,,10
GET PP_VDD_MAIN ADC,Uart,GET PP_VDD_MAIN ADC,,10
FORCE_DFU OFF,Uart,FORCE_DFU OFF,,10