TestName,TestActions,Disable,Input,Output,Timeout,Retries,AdditionalParameters,Commands,Condition,Notes
SWDL_RESTORE,Common:checkUartDevice,,,,10,,"{""subsubtestname"":""Check uart device""}",,,
,Common:sendFixtureCommand,,,,10,,"{""subsubtestname"":""FIXTURE STATE""}",FIXTURE STATE,,
,Common:delay,,,,20,,"{""ms"": 10000, ""subsubtestname"":""sleep 10s""}",,,
,Common:collectBBUpdaterCoredump,,,,10,,"{""subsubtestname"":""Collect coredump""}",,,
,Common:checkHostsHealthAndFDRConnection,,,,10,,"{""subsubtestname"":""Check FDR Server""}",,,
,Common:isRestorePanic,,,,10,,"{""subsubtestname"":""Check SWDLRestore if Panic""}",,,
CHECK_AND_UPDATE_BB,Common:sendCmd,,,,30,,"{""subsubtestname"":""baseband --collect_coredumps""}",baseband --collect_coredumps,,
,Common:sendCmd,,,,30,,"{""subsubtestname"":""baseband --off""}",baseband --off,,
,Common:copyLogsWithUsbfs,,,,30,,"{""subsubtestname"":""copy baseband coredump logs"", ""testName"":""BasebandCoredump""}",,,
MOLOTOV_TEST_2,Common:checkUartDevice,,,,10,,"{""subsubtestname"":""Check uart device""}",,,
,Common:sendFixtureCommand,,,,10,,"{""subsubtestname"":""FIXTURE STATE""}",FIXTURE STATE,,
,Common:checkDeviceStatus,,,,10,,"{""subsubtestname"":""check device status""}",,,
,Common:readUartBuffer,,,,10,,"{""subsubtestname"":""read uart buffer"",""delimiter"":""] :-)""}",,,
BONFIRE_TEST_2,Common:checkUartDevice,,,,10,,"{""subsubtestname"":""Check uart device""}",,,
,Common:sendFixtureCommand,,,,10,,"{""subsubtestname"":""FIXTURE STATE""}",FIXTURE STATE,,
,Common:checkDeviceStatus,,,,10,,"{""subsubtestname"":""check device status""}",,,
,Common:readUartBuffer,,,,10,,"{""subsubtestname"":""read uart buffer"",""delimiter"":""] :-)""}",,,
PHLEET_TEST_1,Common:checkUartDevice,,,,10,,"{""subsubtestname"":""Check uart device""}",,,
,Common:sendFixtureCommand,,,,10,,"{""subsubtestname"":""FIXTURE STATE""}",FIXTURE STATE,,
,Common:readUartBuffer,,,,10,,"{""subsubtestname"":""read uart buffer"",""delimiter"":""CPU0: ( Empty ) ok""}",,,
,Common:checkIfPhleetUartCutOff,,,,10,,"{""subsubtestname"":""check if phleet cut off occurs"",""failrecordname"":""SOC-PHLEET-720"",""techname"":""SOC""}",,,
,Common:checkIfPhleetNoResponse,,,,10,,"{""subsubtestname"":""check if phleet no response""}",,,
PHLEET_TEST_2,Common:checkUartDevice,,,,10,,"{""subsubtestname"":""Check uart device""}",,,
,Common:sendFixtureCommand,,,,10,,"{""subsubtestname"":""FIXTURE STATE""}",FIXTURE STATE,,
,Common:readUartBuffer,,,,10,,"{""subsubtestname"":""read uart buffer"",""delimiter"":""CPU0: ( Empty ) ok""}",,,
,Common:checkIfPhleetUartCutOff,,,,10,,"{""subsubtestname"":""check if phleet cut off occurs"",""failrecordname"":""SOC-PHLEET-BBQ-720"",""techname"":""SOC""}",,,
,Common:checkIfPhleetNoResponse,,,,10,,"{""subsubtestname"":""check if phleet no response""}",,,
PHLEET_TEST_3,Common:checkUartDevice,,,,10,,"{""subsubtestname"":""Check uart device""}",,,
,Common:sendFixtureCommand,,,,10,,"{""subsubtestname"":""FIXTURE STATE""}",FIXTURE STATE,,
,Common:readUartBuffer,,,,10,,"{""subsubtestname"":""read uart buffer"",""delimiter"":""CPU0: ( Empty ) ok""}",,,
,Common:checkIfPhleetUartCutOff,,,,10,,"{""subsubtestname"":""check if phleet cut off occurs"",""failrecordname"":""SOC-Factory-Phleet-Test"",""techname"":""SOC""}",,,
,Common:checkIfPhleetNoResponse,,,,10,,"{""subsubtestname"":""check if phleet no response""}",,,
PHLEET_TEST_4,Common:checkUartDevice,,,,10,,"{""subsubtestname"":""Check uart device""}",,,
,Common:sendFixtureCommand,,,,10,,"{""subsubtestname"":""FIXTURE STATE""}",FIXTURE STATE,,
,Common:readUartBuffer,,,,10,,"{""subsubtestname"":""read uart buffer"",""delimiter"":""CPU0: ( Empty ) ok""}",,,
,Common:checkIfPhleetUartCutOff,,,,10,,"{""subsubtestname"":""check if phleet cut off occurs"",""failrecordname"":""Run Phleet 720 awake hot-awake warm transitions"",""techname"":""SOC""}",,,
,Common:checkIfPhleetNoResponse,,,,10,,"{""subsubtestname"":""check if phleet no response""}",,,
RTOS_TEST,Common:changeDutDelimiter,,,,10,,"{""subsubtestname"":""change delimiter back: SEGPE>"",""delimiter"":""SEGPE>""}",,,
,Common:checkUartDevice,,,,10,,"{""subsubtestname"":""Check uart device""}",,,
,Common:sendFixtureCommand,,,,10,,"{""subsubtestname"":""FIXTURE STATE""}",FIXTURE STATE,,
,Common:readUartBuffer,,,,10,,"{""subsubtestname"":""read uart buffer"",""delimiter"":""CPU0: ( Empty ) ok""}",,,
,Common:sendFixtureCommand,,,,10,,"{""subsubtestname"":""FORCE_DFU OFF"",""expect"":""FORCE_DFU_OFF_OK""}",FORCE_DFU OFF,,
,Common:sendFixtureCommand,,,,10,,"{""subsubtestname"":""DIAGS OFF"",""expect"":""DIAGS_OFF_OK""}",DIAGS OFF,,
,Common:sendFixtureCommand,,,,10,,"{""subsubtestname"":""VBATT OFF"",""expect"":""VBATT_OFF_OK""}",VBATT OFF,,
,Common:sendFixtureCommand,,,,10,,"{""subsubtestname"":""CON_DET OFF"",""expect"":""CON_DET_OFF_OK""}",CON_DET OFF,,
,Common:sendFixtureCommand,,,,10,,"{""subsubtestname"":""VBATT ON"",""expect"":""VBATT_ON_OK""}",VBATT ON,,
,Common:sendFixtureCommand,,,,10,,"{""subsubtestname"":""AP_TO_STARK_RF_EN ON"",""expect"":""AP_TO_STARK_RF_EN_ON_OK""}",AP_TO_STARK_RF_EN ON,,
,Common:sendFixtureCommand,,,,10,,"{""subsubtestname"":""PARROT_RST OFF"",""expect"":""PARROT_RST_OFF_OK""}",PARROT_RST OFF,,
,Common:sendFixtureCommand,,,,10,,"{""subsubtestname"":""DEBUG_TO_PMU_LINK_ACTIVE ON"",""expect"":""DEBUG_TO_PMU_LINK_ACTIVE_ON_OK""}",DEBUG_TO_PMU_LINK_ACTIVE ON,,
,Common:sendFixtureCommand,,,,10,,"{""subsubtestname"":""BUTTON_TO_PMU_BTN_L ON"",""expect"":""BUTTON_TO_PMU_BTN_L_ON_OK""}",BUTTON_TO_PMU_BTN_L ON,,
,Common:delay,,,,10,,"{""ms"": 2000, ""subsubtestname"":""sleep 2s""}",,,
,Common:sendFixtureCommand,,,,10,,"{""subsubtestname"":""BUTTON_TO_PMU_BTN_L OFF"",""expect"":""BUTTON_TO_PMU_BTN_L_OFF_OK""}",BUTTON_TO_PMU_BTN_L OFF,,
,Common:delay,,,,20,,"{""ms"": 10000, ""subsubtestname"":""sleep 10s""}",,,
,Common:updateKIS,,,,80,,"{""checkAllKIS"":""YES"",""subsubtestname"":""Check and update KIS"",""timeout"":41}",,,
,Common:delay,,,,20,,"{""ms"": 10000, ""subsubtestname"":""sleep 10s for APUart""}",,,
,Common:sendCmd,,,,10,,"{""subsubtestname"":""build-revision type""}",build-revision type,,
,Common:setPhleetVariable,,,,10,,"{""subsubtestname"":""set phleet should pass time""}",,,
,Common:sendCmd,,,phleetResult,900,,"{""subsubtestname"":""phleet no media_1"",""expect"":""TEST_PASSED""}",factory-phleet-test -timeout=720,,
,Common:checkUartDevice,,,,10,,"{""subsubtestname"":""Check uart device""}",,,
,Common:sendFixtureCommand,,,,10,,"{""subsubtestname"":""FIXTURE STATE""}",FIXTURE STATE,,
,Common:readUartBuffer,,,,10,,"{""subsubtestname"":""read uart buffer"",""delimiter"":""CPU0: ( Empty ) ok""}",,,
,Common:checkIfPhleetUartCutOff,,,,10,,"{""subsubtestname"":""check if phleet cut off occurs"",""failrecordname"":""SOC-PHLEET-720"",""techname"":""SOC""}",,,
,Common:checkIfPhleetNoResponse,,,,10,,"{""subsubtestname"":""check if phleet no response""}",,,
,Common:sendFixtureCommand,,,,10,,"{""subsubtestname"":""FORCE_DFU OFF"",""expect"":""FORCE_DFU_OFF_OK""}",FORCE_DFU OFF,,
,Common:sendFixtureCommand,,,,10,,"{""subsubtestname"":""DIAGS OFF"",""expect"":""DIAGS_OFF_OK""}",DIAGS OFF,,
,Common:sendFixtureCommand,,,,10,,"{""subsubtestname"":""VBATT OFF"",""expect"":""VBATT_OFF_OK""}",VBATT OFF,,
,Common:sendFixtureCommand,,,,10,,"{""subsubtestname"":""CON_DET OFF"",""expect"":""CON_DET_OFF_OK""}",CON_DET OFF,,
,Common:sendFixtureCommand,,,,10,,"{""subsubtestname"":""VBATT ON"",""expect"":""VBATT_ON_OK""}",VBATT ON,,
,Common:sendFixtureCommand,,,,10,,"{""subsubtestname"":""AP_TO_STARK_RF_EN ON"",""expect"":""AP_TO_STARK_RF_EN_ON_OK""}",AP_TO_STARK_RF_EN ON,,
,Common:sendFixtureCommand,,,,10,,"{""subsubtestname"":""PARROT_RST OFF"",""expect"":""PARROT_RST_OFF_OK""}",PARROT_RST OFF,,
,Common:sendFixtureCommand,,,,10,,"{""subsubtestname"":""DEBUG_TO_PMU_LINK_ACTIVE ON"",""expect"":""DEBUG_TO_PMU_LINK_ACTIVE_ON_OK""}",DEBUG_TO_PMU_LINK_ACTIVE ON,,
,Common:sendFixtureCommand,,,,10,,"{""subsubtestname"":""BUTTON_TO_PMU_BTN_L ON"",""expect"":""BUTTON_TO_PMU_BTN_L_ON_OK""}",BUTTON_TO_PMU_BTN_L ON,,
,Common:delay,,,,10,,"{""ms"": 2000, ""subsubtestname"":""sleep 2s""}",,,
,Common:sendFixtureCommand,,,,10,,"{""subsubtestname"":""BUTTON_TO_PMU_BTN_L OFF"",""expect"":""BUTTON_TO_PMU_BTN_L_OFF_OK""}",BUTTON_TO_PMU_BTN_L OFF,,
,Common:delay,,,,20,,"{""ms"": 10000, ""subsubtestname"":""sleep 10s""}",,,
,Common:updateKIS,,,,80,,"{""checkAllKIS"":""YES"",""subsubtestname"":""Check and update KIS"",""timeout"":41}",,,
,Common:delay,,,,20,,"{""ms"": 10000, ""subsubtestname"":""sleep 10s for APUart""}",,,
,Common:setPhleetVariable,,,,10,,"{""subsubtestname"":""set phleet should pass time""}",,,
,Common:sendCmd,,,phleetResult,900,,"{""subsubtestname"":""SOC-PHLEET-BBQ-720_2"",""expect"":""TEST_PASSED""}",factory-phleet-bbq-720,,
,Common:checkUartDevice,,,,10,,"{""subsubtestname"":""Check uart device""}",,,
,Common:sendFixtureCommand,,,,10,,"{""subsubtestname"":""FIXTURE STATE""}",FIXTURE STATE,,
,Common:readUartBuffer,,,,10,,"{""subsubtestname"":""read uart buffer"",""delimiter"":""CPU0: ( Empty ) ok""}",,,
,Common:checkIfPhleetUartCutOff,,,,10,,"{""subsubtestname"":""check if phleet cut off occurs"",""failrecordname"":""SOC-PHLEET-BBQ-720"",""techname"":""SOC""}",,,
,Common:checkIfPhleetNoResponse,,,,10,,"{""subsubtestname"":""check if phleet no response""}",,,
,Common:sendFixtureCommand,,,,10,,"{""subsubtestname"":""FORCE_DFU OFF"",""expect"":""FORCE_DFU_OFF_OK""}",FORCE_DFU OFF,,
,Common:sendFixtureCommand,,,,10,,"{""subsubtestname"":""DIAGS OFF"",""expect"":""DIAGS_OFF_OK""}",DIAGS OFF,,
,Common:sendFixtureCommand,,,,10,,"{""subsubtestname"":""VBATT OFF"",""expect"":""VBATT_OFF_OK""}",VBATT OFF,,
,Common:sendFixtureCommand,,,,10,,"{""subsubtestname"":""CON_DET OFF"",""expect"":""CON_DET_OFF_OK""}",CON_DET OFF,,
,Common:sendFixtureCommand,,,,10,,"{""subsubtestname"":""VBATT ON"",""expect"":""VBATT_ON_OK""}",VBATT ON,,
,Common:sendFixtureCommand,,,,10,,"{""subsubtestname"":""AP_TO_STARK_RF_EN ON"",""expect"":""AP_TO_STARK_RF_EN_ON_OK""}",AP_TO_STARK_RF_EN ON,,
,Common:sendFixtureCommand,,,,10,,"{""subsubtestname"":""PARROT_RST OFF"",""expect"":""PARROT_RST_OFF_OK""}",PARROT_RST OFF,,
,Common:sendFixtureCommand,,,,10,,"{""subsubtestname"":""DEBUG_TO_PMU_LINK_ACTIVE ON"",""expect"":""DEBUG_TO_PMU_LINK_ACTIVE_ON_OK""}",DEBUG_TO_PMU_LINK_ACTIVE ON,,
,Common:sendFixtureCommand,,,,10,,"{""subsubtestname"":""BUTTON_TO_PMU_BTN_L ON"",""expect"":""BUTTON_TO_PMU_BTN_L_ON_OK""}",BUTTON_TO_PMU_BTN_L ON,,
,Common:delay,,,,10,,"{""ms"": 2000, ""subsubtestname"":""sleep 2s""}",,,
,Common:sendFixtureCommand,,,,10,,"{""subsubtestname"":""BUTTON_TO_PMU_BTN_L OFF"",""expect"":""BUTTON_TO_PMU_BTN_L_OFF_OK""}",BUTTON_TO_PMU_BTN_L OFF,,
,Common:delay,,,,20,,"{""ms"": 10000, ""subsubtestname"":""sleep 10s""}",,,
,Common:updateKIS,,,,80,,"{""checkAllKIS"":""YES"",""subsubtestname"":""Check and update KIS"",""timeout"":41}",,,
,Common:delay,,,,20,,"{""ms"": 10000, ""subsubtestname"":""sleep 10s for APUart""}",,,
,Common:setPhleetVariable,,,,10,,"{""subsubtestname"":""set phleet should pass time""}",,,
,Common:sendCmd,,,phleetResult,900,,"{""subsubtestname"":""SOC-PHLEET-720_3"",""expect"":""TEST_PASSED""}",factory-phleet-test -acc0-apsc-state=6 -soc-state=SOC-PERF-VMAX-STATE -dcs-state=DCS-PERF-VMAX-STATE -timeout=720,,
,Common:checkUartDevice,,,,10,,"{""subsubtestname"":""Check uart device""}",,,
,Common:sendFixtureCommand,,,,10,,"{""subsubtestname"":""FIXTURE STATE""}",FIXTURE STATE,,
,Common:readUartBuffer,,,,10,,"{""subsubtestname"":""read uart buffer"",""delimiter"":""CPU0: ( Empty ) ok""}",,,
,Common:checkIfPhleetUartCutOff,,,,10,,"{""subsubtestname"":""check if phleet cut off occurs"",""failrecordname"":""SOC-Factory-Phleet-Test"",""techname"":""SOC""}",,,
,Common:checkIfPhleetNoResponse,,,,10,,"{""subsubtestname"":""check if phleet no response""}",,,
,Common:sendFixtureCommand,,,,10,,"{""subsubtestname"":""FORCE_DFU OFF"",""expect"":""FORCE_DFU_OFF_OK""}",FORCE_DFU OFF,,
,Common:sendFixtureCommand,,,,10,,"{""subsubtestname"":""DIAGS OFF"",""expect"":""DIAGS_OFF_OK""}",DIAGS OFF,,
,Common:sendFixtureCommand,,,,10,,"{""subsubtestname"":""VBATT OFF"",""expect"":""VBATT_OFF_OK""}",VBATT OFF,,
,Common:sendFixtureCommand,,,,10,,"{""subsubtestname"":""CON_DET OFF"",""expect"":""CON_DET_OFF_OK""}",CON_DET OFF,,
,Common:sendFixtureCommand,,,,10,,"{""subsubtestname"":""VBATT ON"",""expect"":""VBATT_ON_OK""}",VBATT ON,,
,Common:sendFixtureCommand,,,,10,,"{""subsubtestname"":""AP_TO_STARK_RF_EN ON"",""expect"":""AP_TO_STARK_RF_EN_ON_OK""}",AP_TO_STARK_RF_EN ON,,
,Common:sendFixtureCommand,,,,10,,"{""subsubtestname"":""PARROT_RST OFF"",""expect"":""PARROT_RST_OFF_OK""}",PARROT_RST OFF,,
,Common:sendFixtureCommand,,,,10,,"{""subsubtestname"":""DEBUG_TO_PMU_LINK_ACTIVE ON"",""expect"":""DEBUG_TO_PMU_LINK_ACTIVE_ON_OK""}",DEBUG_TO_PMU_LINK_ACTIVE ON,,
,Common:sendFixtureCommand,,,,10,,"{""subsubtestname"":""BUTTON_TO_PMU_BTN_L ON"",""expect"":""BUTTON_TO_PMU_BTN_L_ON_OK""}",BUTTON_TO_PMU_BTN_L ON,,
,Common:delay,,,,10,,"{""ms"": 2000, ""subsubtestname"":""sleep 2s""}",,,
,Common:sendFixtureCommand,,,,10,,"{""subsubtestname"":""BUTTON_TO_PMU_BTN_L OFF"",""expect"":""BUTTON_TO_PMU_BTN_L_OFF_OK""}",BUTTON_TO_PMU_BTN_L OFF,,
,Common:delay,,,,20,,"{""ms"": 10000, ""subsubtestname"":""sleep 10s""}",,,
,Common:updateKIS,,,,80,,"{""checkAllKIS"":""YES"",""subsubtestname"":""Check and update KIS"",""timeout"":41}",,,
,Common:delay,,,,20,,"{""ms"": 10000, ""subsubtestname"":""sleep 10s for APUart""}",,,
,Common:setPhleetVariable,,,,10,,"{""subsubtestname"":""set phleet should pass time""}",,,
,Common:sendCmd,,,phleetResult,900,,"{""subsubtestname"":""SOC-PHLEET-720_3"",""expect"":""TEST_PASSED""}",factory-phleet-test -rnd-awake-hot=1 -timeout=720,,
,Common:checkUartDevice,,,,10,,"{""subsubtestname"":""Check uart device""}",,,
,Common:sendFixtureCommand,,,,10,,"{""subsubtestname"":""FIXTURE STATE""}",FIXTURE STATE,,
,Common:readUartBuffer,,,,10,,"{""subsubtestname"":""read uart buffer"",""delimiter"":""CPU0: ( Empty ) ok""}",,,
,Common:checkIfPhleetUartCutOff,,,,10,,"{""subsubtestname"":""check if phleet cut off occurs"",""failrecordname"":""SOC-PHLEET-720"",""techname"":""SOC""}",,,
,Common:checkIfPhleetNoResponse,,,,10,,"{""subsubtestname"":""check if phleet no response""}",,,
RXNAND_TEST,Common:checkUartDevice,,,,10,,"{""subsubtestname"":""Check uart device""}",,,
,Common:sendFixtureCommand,,,,10,,"{""subsubtestname"":""FIXTURE STATE""}",FIXTURE STATE,,
,Common:getCurrentTestState,,,testState,100,,"{""subsubtestname"":""Get test state""}",/usr/local/bin/OSDNANDTester testState,,
,Common:sendRemoteTask,,,,50,,"{""subsubtestname"":""OSDNANDTester waitForFinish 200""}",/usr/local/bin/OSDNANDTester resume,,
,Common:sendRemoteTask,,,,360,,"{""subsubtestname"":""OSDNANDTester saveResults""}",/usr/local/bin/OSDNANDTester saveResults -p /var/logs/OSDNANDTester/_pdca_rxburn_result.plist,,
,Common:CopyFileFromiOS,,,,50,,"{""subsubtestname"":""Copy File From iOS""}",,,
,Common:delay,,,,25,,"{""ms"": 20000, ""subsubtestname"":""sleep 20s""}",,,