TestName,ParameterName,units,upperLimit,lowerLimit,relaxedUpperLimit,relaxedLowerLimit,Condition
PowerON,Check VBATT Voltage,mV,4200,3800,,,
PowerON,Check VDD MAIN Voltage,mV,4200,3800,,,
PowerOn_DFU,Check VBATT Voltage,mV,4200,3800,,,
PowerOn_DFU,Check VDD MAIN Voltage,mV,4200,3800,,,
PowerOn_DFU,GET DFU STATUS,V,1.9,1.6,,,
BBPower,baseband_power,mV,336,256,,,
UWBDFU,Check UWB_DFU Test Result_uwbdfu_result,NA,2,0,,,
UWBDFU,Check UWB_DFU Test Result_uwb_result,NA,2,0,,,
UWBDFU,Check UWB_DFU Test Result_uwbon_result,NA,2,0,,,
UWBDFU,Check UWB_DFU Test Result_uwbloadfw_result,NA,2,0,,,
UWBDFU,Check UWB_DFU Test Result_uwbreportvars_result,NA,2,0,,,
UWBDFU,Check UWB_DFU Test Result_uwbping_result,NA,2,0,,,
UWBDFU,Check UWB_DFU Test Result_uwbcheckgpios_result,NA,2,0,,,
UWBDFU,Check UWB_DFU Test Result_uwbspilb_result,NA,2,0,,,
UWBDFU,Check UWB_DFU Test Result_uwbhostwake_result,NA,2,0,,,
UWBDFU,Check UWB_DFU Test Result_ds_result,NA,2,0,,,
UWBDFU,Check UWB_DFU Test Result_dsuwb_result,NA,2,0,,,
UWBDFU,Check UWB_DFU Test Result_cleanup_result,NA,2,0,,,
BB_SMTQT,Check BB_SMTQT Test Result_sepostdumpaclog_result,NA,2,0,,,
LPEM,set bblib FCT LPEM CHECK_alisha_lpem,NA,2,0,,,