TestName,TestActions,Disable,Input,Output,Timeout,Retries,AdditionalParameters,ExitEarly,SetPoison,Commands,FA,Condition,Notes
Init,Common:TestDelay,,,,10,,"{""subsubtestname"":""Test delay 1s"",""delay"":""1""}",Y,,,,,
,Common:delay,,,,10,,"{""subsubtestname"":""Sleep 0.5s to wait for Tray_Insert_Logic_Reset ON"",""ms"": 500}",Y,,,,,
,Common:getScanSn,,,[serialnumber],10,,"{""subsubtestname"":""get serialnumber from scan view""}",Y,,,,,
,Common:getScanConfig,,,[dut_cfg],10,,"{""subsubtestname"":""get config from scan view""}",Y,,,,,
TestName1,Common:TestDelay,,,,10,,"{""subsubtestname"":""Test delay 1s"",""delay"":""1""}",Y,,,,,
,Common:TestDelay,,,,10,,"{""subsubtestname"":""Test delay_2 0.2s"",""delay"":""0.2""}",Y,,,,,
TestName2,Common:TestDelay,,,,10,,"{""subsubtestname"":""Test delay 0.5s"",""delay"":""0.5""}",Y,,,,,
,Common:TestDelay,,,,10,,"{""subsubtestname"":""Test delay_2 0.1s"",""delay"":""0.1""}",Y,,,,,
TestName3,Common:TestDelay,,,,10,,"{""subsubtestname"":""Test delay 1s"",""delay"":""1""}",Y,,,,,
,Common:TestDelay,,,,10,,"{""subsubtestname"":""Test delay_2 0.1s"",""delay"":""0.1""}",Y,,,,,
TestName4,Common:TestDelay,,,,10,,"{""subsubtestname"":""Test delay 1s"",""delay"":""1""}",Y,,,,,
,Common:TestDelay,,,,10,,"{""subsubtestname"":""Test delay_2 0.1s"",""delay"":""0.1""}",Y,,,,,